station_id,year,month,avg_temperature,avg_vent_moyen,avg_pluie_1h
23,2009,10,10.42889842632332,6.467094105865522,0.07696709585121603
42,2009,10,11.313422818791947,2.6675590156599553,0.04116331096196868
