station_id,year,month,avg_temperature,avg_vent_moyen,avg_pluie_1h
23,2011,10,11.143074581430746,7.547488584474886,0.13942161339421616
42,2011,10,12.553584905660376,3.193396226415094,0.02339622641509434
93,2011,10,15.09062049062049,2.9907647907647905,0.20057720057720058
000C5,2011,10,13.284548104956269,1.9979591836734696,0.02944606413994169
