station_id,year,month,avg_temperature,avg_vent_moyen,avg_pluie_1h
23,2010,10,9.866666666666667,7.483328333333333,0.13333333333333333
42,2010,10,12.628125,3.3562471875,0.04375
93,2010,10,15.245454545454546,4.927267636363637,0.06909090909090909
