station_id,year,month,avg_temperature,avg_vent_moyen,avg_pluie_1h
23,2012,10,10.704347826086957,8.301304347826086,0.1846376811594203
42,2012,10,12.254745762711865,4.073050847457627,0.21694915254237288
93,2012,10,15.22410841654779,4.217118402282454,0.38516405135520687
000C5,2012,10,12.557703927492447,1.918882175226586,0.033987915407854986
000K0,2012,10,13.804123711340207,6.558350515463918,0.10762886597938146
000L7,2012,10,16.107994389901823,6.669424964936887,0.16577840112201964
