station_id,year,month,avg_temperature,avg_vent_moyen,avg_pluie_1h
23,2008,10,9.122259696458684,7.438951214165261,0.26745362563237773
42,2008,10,13.493087557603687,10.80046069124424,0.10552995391705068
