station_id,year,month,avg_temperature,avg_vent_moyen,avg_pluie_1h
23,2008,11,4.392362344582593,8.022200017761989,0.2650088809946714
42,2008,11,7.945390070921985,10.742553475177305,0.5872340425531914
