station_id,year,month,avg_temperature,avg_vent_moyen,avg_pluie_1h
23,2010,11,0.2,5.6499999999999995,0.0
42,2010,11,5.383720930232558,3.9186013953488374,0.14883720930232558
93,2010,11,10.240983606557378,5.499995573770492,0.18360655737704917
