station_id,year,month,avg_temperature,avg_vent_moyen,avg_pluie_1h
23,2012,11,6.55611620795107,6.54434250764526,0.20611620795107036
42,2012,11,6.892779783393502,4.314259927797834,0.07256317689530686
93,2012,11,10.4649468892261,2.484825493171472,0.31623672230652505
000C5,2012,11,7.402639751552796,1.7645962732919256,0.024689440993788822
000K0,2012,11,9.51655328798186,7.785487528344672,0.2562358276643991
000L7,2012,11,11.122762645914397,5.7700389105058365,0.14980544747081712
