station_id,year,month,avg_temperature,avg_vent_moyen,avg_pluie_1h
23,2013,11,3.972855133614627,9.058227848101266,0.3805907172995781
42,2013,11,6.5567441860465125,5.685116279069768,0.13178294573643412
93,2013,11,9.220699300699302,5.657482517482517,0.10181818181818181
000C5,2013,11,8.231587057010787,2.1154083204930663,0.031587057010785825
000K0,2013,11,6.566439909297053,9.085487528344672,0.2417233560090703
000L7,2013,11,10.042402315484805,7.221707670043415,0.053835021707670044
000Q2,2013,11,9.240695652173912,6.973565217391305,0.16417391304347828
000T3,2013,11,-0.642152466367713,3.0493273542600896,0.09237668161434978
