station_id,year,month,avg_temperature,avg_vent_moyen,avg_pluie_1h
23,2009,11,7.270977917981073,10.144162965299685,0.4097791798107256
42,2009,11,9.978936170212767,6.693187382978723,0.11531914893617022
93,2009,11,10.067499999999999,5.45999625,0.72
