station_id,year,month,avg_temperature,avg_vent_moyen,avg_pluie_1h
23,2008,12,2.234064080944351,9.29881831365936,0.21618887015177063
42,2008,12,3.5930091185410333,10.700608054711246,0.08297872340425533
