station_id,year,month,avg_temperature,avg_vent_moyen,avg_pluie_1h
23,2010,12,0.9714285714285715,10.328565714285714,0.08571428571428572
42,2010,12,1.302941176470588,5.249997647058824,0.2235294117647059
93,2010,12,6.276470588235294,5.639704411764706,0.25
000C5,2010,12,2.0307692307692307,1.4769215384615384,0.015384615384615385
