station_id,year,month,avg_temperature,avg_vent_moyen,avg_pluie_1h
23,2009,12,1.5745709828393135,7.6271431357254285,0.2243369734789392
42,2009,12,3.9516441005802707,5.569628201160542,0.12263056092843326
93,2009,12,6.34559043348281,4.904032675635277,0.20269058295964124
