station_id,year,month,avg_temperature,avg_vent_moyen,avg_pluie_1h
23,2011,1,2.4225000000000003,4.619998000000001,0.034999999999999996
42,2011,1,1.7369565217391305,3.732606304347826,0.034782608695652174
93,2011,1,6.48974358974359,3.3717917948717946,0.010256410256410256
000C5,2011,1,3.8526315789473684,1.9736840350877192,0.031578947368421054
