station_id,year,month,avg_temperature,avg_vent_moyen,avg_pluie_1h
23,2009,1,1.2947368421052632,7.076932244582044,0.23188854489164087
42,2009,1,1.1917570498915402,4.6737508026030365,0.03752711496746204
