station_id,year,month,avg_temperature,avg_vent_moyen,avg_pluie_1h
23,2010,1,0.3040089086859688,6.445654365256124,0.19465478841870826
42,2010,1,2.324,4.358567942857143,0.10171428571428572
93,2010,1,4.064395604395604,4.242195560439561,0.06593406593406594
