station_id,year,month,avg_temperature,avg_vent_moyen,avg_pluie_1h
23,2008,1,6.170833333333333,8.268515601851853,0.21481481481481482
