station_id,year,month,avg_temperature,avg_vent_moyen,avg_pluie_1h
23,2009,2,2.463129496402878,8.293161942446044,0.048561151079136694
42,2009,2,3.7550898203592813,3.965067285429142,0.036726546906187624
