station_id,year,month,avg_temperature,avg_vent_moyen,avg_pluie_1h
23,2011,2,3.5285714285714285,7.114281428571429,0.08571428571428573
42,2011,2,6.678947368421053,5.057888421052631,0.13684210526315788
93,2011,2,10.308,5.771993999999999,0.048
000C5,2011,2,9.221428571428572,6.657140714285715,0.19999999999999998
