station_id,year,month,avg_temperature,avg_vent_moyen,avg_pluie_1h
23,2014,2,3.176605504587156,9.772018348623853,0.3954128440366973
42,2014,2,6.7965045592705176,8.261094224924012,0.1547112462006079
93,2014,2,7.911764705882353,4.104524886877829,0.28355957767722473
000C5,2014,2,7.970349907918968,5.476243093922652,0.08674033149171272
000K0,2014,2,8.177363184079603,6.762686567164179,0.22338308457711442
000L7,2014,2,9.463434022257552,7.231319554848967,0.07567567567567568
000Q2,2014,2,8.284516129032257,13.06532258064516,0.3567741935483871
000T3,2014,2,2.98,3.691074380165289,0.21818181818181817
000U7,2014,2,8.377808219178082,7.3863013698630136,0.22027397260273973
