station_id,year,month,avg_temperature,avg_vent_moyen,avg_pluie_1h
23,2013,2,0.4673289183222958,7.942604856512141,0.3818984547461369
42,2013,2,2.410552763819095,6.325795644891122,0.08643216080402011
93,2013,2,4.395052473763118,5.561769115442279,0.056371814092953526
000C5,2013,2,4.480625,2.41953125,0.00984375
000K0,2013,2,1.9297101449275362,6.28743961352657,0.14782608695652175
000L7,2013,2,6.247913446676971,8.915301391035548,0.01731066460587326
