station_id,year,month,avg_temperature,avg_vent_moyen,avg_pluie_1h
23,2010,2,0.38848920863309355,8.812949064748201,0.716546762589928
42,2010,2,5.176229508196721,5.974585081967214,0.09672131147540984
93,2010,2,5.2570512820512825,7.568587243589745,0.30128205128205127
