station_id,year,month,avg_temperature,avg_vent_moyen,avg_pluie_1h
23,2010,3,8.693636363636363,10.198181545454545,0.05818181818181818
42,2010,3,10.03109243697479,5.617645042016807,0.0722689075630252
93,2010,3,9.371337579617833,5.1949005732484075,0.054777070063694276
