station_id,year,month,avg_temperature,avg_vent_moyen,avg_pluie_1h
23,2014,3,6.808390646492434,7.426960110041265,0.1298486932599725
42,2014,3,8.272801082543978,4.311772665764547,0.033558863328822734
93,2014,3,10.151351351351352,4.357610241820768,0.05547652916073969
000C5,2014,3,8.461258741258742,2.3144055944055943,0.008671328671328672
000K0,2014,3,11.663352272727273,6.734090909090909,0.05340909090909091
000L7,2014,3,11.394142857142857,6.559571428571428,0.008857142857142857
000Q2,2014,3,9.204139072847683,7.744536423841059,0.11092715231788079
000T3,2014,3,6.14936170212766,4.804964539007092,0.021843971631205675
000U7,2014,3,9.856448598130841,7.8839252336448595,0.08635514018691588
