station_id,year,month,avg_temperature,avg_vent_moyen,avg_pluie_1h
23,2012,3,9.123788546255508,9.524669603524229,0.09427312775330397
42,2012,3,9.839384116693678,4.379416531604538,0.03176661264181524
93,2012,3,12.072450532724506,3.8016742770167427,0.011872146118721462
000C5,2012,3,9.227698863636364,1.6836647727272727,0.002556818181818182
