station_id,year,month,avg_temperature,avg_vent_moyen,avg_pluie_1h
23,2011,3,6.133333333333333,7.783331666666666,0.03333333333333333
42,2011,3,10.625,3.999995,0.0
93,2011,3,11.657894736842104,5.315785789473685,0.4842105263157894
000C5,2011,3,11.0,5.6249975,0.0
