station_id,year,month,avg_temperature,avg_vent_moyen,avg_pluie_1h
23,2008,3,4.363806970509383,14.225205227882038,0.6750670241286864
