station_id,year,month,avg_temperature,avg_vent_moyen,avg_pluie_1h
23,2009,3,5.373232323232323,9.0905715993266,0.10336700336700337
42,2009,3,6.741083916083916,5.141779947552448,0.0423076923076923
