station_id,year,month,avg_temperature,avg_vent_moyen,avg_pluie_1h
23,2009,4,8.412269938650306,7.3383412116564415,0.28159509202453986
42,2009,4,12.049801587301587,4.410512857142857,0.06984126984126984
