station_id,year,month,avg_temperature,avg_vent_moyen,avg_pluie_1h
23,2014,4,9.668740955137482,7.2419681620839365,0.14211287988422577
42,2014,4,11.6125,4.336160714285715,0.11279761904761905
93,2014,4,13.849507735583686,4.567369901547117,0.021659634317862168
000C5,2014,4,11.218804664723033,2.333381924198251,0.012682215743440231
000K0,2014,4,14.504611650485437,6.659466019417475,0.054854368932038836
000L7,2014,4,15.506946454413892,6.759913169319827,0.049204052098408106
000Q2,2014,4,11.880730897009967,8.732059800664452,0.09003322259136214
000T3,2014,4,9.366365007541477,4.09396681749623,0.029562594268476624
000U7,2014,4,13.288679245283019,7.914065180102916,0.03773584905660377
