station_id,year,month,avg_temperature,avg_vent_moyen,avg_pluie_1h
23,2008,4,8.50108108108108,10.497296405405406,0.35135135135135137
