station_id,year,month,avg_temperature,avg_vent_moyen,avg_pluie_1h
23,2013,4,7.585953177257524,6.622073578595318,0.17591973244147158
42,2013,4,10.019808306709265,5.74520766773163,0.12747603833865814
93,2013,4,12.699561403508772,4.40248538011696,0.15380116959064327
000C5,2013,4,9.344933920704845,3.911747430249633,0.012481644640234948
000K0,2013,4,12.419815668202764,6.535714285714286,0.16267281105990783
000L7,2013,4,13.026300148588412,6.903120356612185,0.09093610698365528
