station_id,year,month,avg_temperature,avg_vent_moyen,avg_pluie_1h
23,2012,4,5.934621578099839,9.721256038647342,0.4463768115942029
42,2012,4,8.663394342762063,6.41846921797005,0.1437603993344426
93,2012,4,12.071826625386997,5.109907120743034,0.2585139318885449
000C5,2012,4,8.645394736842105,3.994078947368421,0.04243421052631579
