station_id,year,month,avg_temperature,avg_vent_moyen,avg_pluie_1h
23,2010,4,6.911111111111111,8.744437777777778,0.022222222222222223
42,2010,4,12.27027027027027,4.859455945945946,0.07027027027027027
93,2010,4,14.088709677419354,3.720963064516129,0.14838709677419354
