station_id,year,month,avg_temperature,avg_vent_moyen,avg_pluie_1h
23,2013,5,8.263939899833055,6.83823038397329,0.3061769616026711
42,2013,5,11.720615384615384,5.205076923076923,0.116
93,2013,5,14.615875169606513,6.135549525101763,0.18236092265943013
000C5,2013,5,11.667391304347825,3.042608695652174,0.016956521739130436
000K0,2013,5,13.05691056910569,4.869105691056911,0.30677506775067753
000L7,2013,5,15.43041606886657,8.55035868005739,0.07804878048780488
