station_id,year,month,avg_temperature,avg_vent_moyen,avg_pluie_1h
23,2008,5,14.875401069518716,8.228070909090908,0.2989304812834225
