station_id,year,month,avg_temperature,avg_vent_moyen,avg_pluie_1h
23,2010,5,8.083333333333334,12.066681666666668,0.39999999999999997
42,2010,5,14.609090909090908,4.472720909090909,0.02727272727272727
93,2010,5,16.388524590163936,6.088522295081967,0.09836065573770492
