station_id,year,month,avg_temperature,avg_vent_moyen,avg_pluie_1h
23,2012,5,13.058084772370487,8.102511773940346,0.13940345368916798
42,2012,5,15.14572864321608,4.7137353433835845,0.058961474036850925
93,2012,5,16.515482954545455,3.4498579545454544,0.06136363636363637
000C5,2012,5,13.923843930635837,2.2203757225433525,0.030346820809248554
000K0,2012,5,17.348076923076924,6.963888888888889,0.10811965811965812
