station_id,year,month,avg_temperature,avg_vent_moyen,avg_pluie_1h
23,2011,5,15.116666666666667,8.566661666666667,0.6
93,2011,5,18.91578947368421,6.763152105263157,0.0
000C5,2011,5,16.400000000000002,3.73333,0.0
