station_id,year,month,avg_temperature,avg_vent_moyen,avg_pluie_1h
23,2009,5,14.495151515151514,7.565301227272728,0.11303030303030302
42,2009,5,15.503802281368822,4.3977145817490495,0.09543726235741445
