station_id,year,month,avg_temperature,avg_vent_moyen,avg_pluie_1h
23,2013,6,13.783025210084032,6.33781512605042,0.12100840336134454
42,2013,6,16.705882352941178,5.27516339869281,0.036274509803921565
93,2013,6,20.071468531468533,4.766433566433567,0.016503496503496504
000C5,2013,6,15.594032023289666,2.1576419213973796,0.016302765647743814
000K0,2013,6,19.335024154589373,6.056521739130435,0.1357487922705314
000L7,2013,6,20.373619631901843,8.541104294478528,0.03159509202453988
000Q2,2013,6,15.474054054054054,8.12018018018018,0.1264864864864865
