station_id,year,month,avg_temperature,avg_vent_moyen,avg_pluie_1h
23,2008,6,17.04957507082153,7.930874192634561,0.1660056657223796
42,2008,6,19.124074074074073,8.073333696296297,0.02962962962962963
