station_id,year,month,avg_temperature,avg_vent_moyen,avg_pluie_1h
23,2014,6,16.617784256559766,5.730466472303207,0.0836734693877551
42,2014,6,17.65642965204236,4.58124054462935,0.10680786686838126
93,2014,6,20.542521994134898,2.9388563049853373,0.1565982404692082
000C5,2014,6,17.143740340030913,1.0548686244204017,0.0508500772797527
000K0,2014,6,22.44778554778555,6.996270396270396,0.16736596736596737
000L7,2014,6,22.477056277056278,6.5464646464646465,0.08571428571428572
000Q2,2014,6,18.068770764119602,8.027574750830565,0.03421926910299004
000T3,2014,6,15.819326500732066,3.6335285505124446,0.04773060029282577
000U7,2014,6,20.756782334384855,7.351419558359622,0.08769716088328076
