station_id,year,month,avg_temperature,avg_vent_moyen,avg_pluie_1h
23,2012,6,15.626106870229009,7.530076335877863,0.1948091603053435
42,2012,6,17.095469798657717,4.866946308724832,0.11208053691275167
93,2012,6,22.058788774002952,4.587887740029542,0.01240768094534712
000C5,2012,6,16.22763744427935,4.0462109955423475,0.01575037147102526
000K0,2012,6,20.347899159663864,6.108067226890757,0.1973109243697479
