station_id,year,month,avg_temperature,avg_vent_moyen,avg_pluie_1h
23,2009,6,15.923022847100176,6.56150869947276,0.1195079086115993
42,2009,6,18.059765625,4.45507416015625,0.1375
