station_id,year,month,avg_temperature,avg_vent_moyen,avg_pluie_1h
23,2009,7,17.156182212581346,6.550757613882864,0.22039045553145334
42,2009,7,19.462231759656653,3.810082339055794,0.08197424892703863
