station_id,year,month,avg_temperature,avg_vent_moyen,avg_pluie_1h
23,2012,7,15.693113342898135,6.7305595408895265,0.13859397417503586
42,2012,7,18.085597381342062,4.271358428805238,0.10900163666121113
93,2012,7,24.174436090225562,4.891278195488722,0.0015037593984962407
000C5,2012,7,17.144255319148936,2.741560283687943,0.021134751773049645
000K0,2012,7,21.6,5.874161735700197,0.053648915187376724
