station_id,year,month,avg_temperature,avg_vent_moyen,avg_pluie_1h
23,2013,7,20.0325,5.605,0.1426470588235294
42,2013,7,22.280834621329213,4.48887171561051,0.03523956723338485
93,2013,7,23.748915989159894,2.9920054200542006,0.08401084010840108
000C5,2013,7,21.094488188976378,1.3015748031496062,0.03228346456692913
000K0,2013,7,24.978016085790884,5.066756032171582,0.09705093833780161
000L7,2013,7,25.86687898089172,6.2933121019108285,0.020700636942675158
000Q2,2013,7,20.30059171597633,8.141272189349113,0.08550295857988165
