station_id,year,month,avg_temperature,avg_vent_moyen,avg_pluie_1h
23,2014,7,16.347781065088757,5.688313609467456,0.19319526627218933
42,2014,7,19.536642335766423,3.855182481751825,0.18043795620437955
93,2014,7,21.877668539325843,5.458286516853933,0.007584269662921349
000C5,2014,7,19.278739002932554,1.352492668621701,0.018621700879765394
000K0,2014,7,21.550867052023122,4.601156069364162,0.3554913294797688
000L7,2014,7,23.14825174825175,8.642237762237762,0.06209790209790209
000Q2,2014,7,19.975247524752476,6.411089108910891,0.10851485148514851
000T3,2014,7,16.07322834645669,3.129763779527559,0.1294488188976378
000U7,2014,7,19.714334470989762,6.215870307167235,0.25290102389078495
