station_id,year,month,avg_temperature,avg_vent_moyen,avg_pluie_1h
23,2010,7,17.0,3.699998,0.26
42,2010,7,21.316666666666666,2.4888855555555556,0.0
93,2010,7,26.896363636363635,5.727269090909091,0.0
