station_id,year,month,avg_temperature,avg_vent_moyen,avg_pluie_1h
23,2012,8,18.552941176470586,6.252022058823529,0.03455882352941177
42,2012,8,20.2569823434992,4.165168539325843,0.010272873194221509
93,2012,8,24.451057827926657,3.9355430183356845,0.012411847672778562
000C5,2012,8,18.50301724137931,2.6854885057471263,0.01235632183908046
000K0,2012,8,23.17258064516129,5.69375,0.23588709677419356
000L7,2012,8,24.230801687763712,7.213924050632912,0.1021097046413502
