station_id,year,month,avg_temperature,avg_vent_moyen,avg_pluie_1h
23,2014,8,14.613157894736842,4.1421052631578945,0.1654970760233918
42,2014,8,16.9478390461997,3.7654247391952307,0.17019374068554396
93,2014,8,21.943800539083558,4.645148247978437,0.06792452830188678
000C5,2014,8,16.294867807153967,1.973561430793157,0.03965785381026438
000K0,2014,8,21.072277227722772,4.421782178217821,0.11419141914191419
000L7,2014,8,22.682008368200837,6.675732217573222,0.06722454672245468
000Q2,2014,8,18.221700223713647,7.50917225950783,0.13288590604026845
000T3,2014,8,13.984148148148147,2.972740740740741,0.10311111111111113
000U7,2014,8,19.996840148698883,6.078066914498141,0.09553903345724907
