station_id,year,month,avg_temperature,avg_vent_moyen,avg_pluie_1h
23,2013,8,17.299316939890712,5.340846994535519,0.07049180327868852
42,2013,8,19.191536050156742,3.1934169278996865,0.08307210031347963
93,2013,8,23.582360922659433,3.5823609226594297,0.005698778833107192
000C5,2013,8,18.538964577656674,1.5712534059945504,0.0027247956403269754
000K0,2013,8,22.47171717171717,5.550252525252525,0.17424242424242425
000L7,2013,8,23.93692528735632,6.373563218390805,0.035919540229885055
000Q2,2013,8,18.745882352941177,5.901680672268908,0.044369747899159664
