station_id,year,month,avg_temperature,avg_vent_moyen,avg_pluie_1h
23,2011,8,18.38684210526316,5.433947368421053,0.5457894736842105
42,2011,8,19.12122905027933,3.2432960893854745,0.038547486033519554
93,2011,8,23.96691729323308,3.8874686716791977,0.009022556390977444
000C5,2011,8,17.440159574468087,1.5781914893617022,-0.07606382978723404
