station_id,year,month,avg_temperature,avg_vent_moyen,avg_pluie_1h
23,2008,8,15.525950782997764,7.170242706935123,0.08993288590604027
42,2008,8,19.808841463414634,10.509145731707317,0.17164634146341462
