station_id,year,month,avg_temperature,avg_vent_moyen,avg_pluie_1h
23,2010,8,18.1,0.0,0.0
42,2010,8,21.19333333333333,4.166662333333333,0.08
93,2010,8,25.103749999999998,6.017495125,0.009999999999999998
