station_id,year,month,avg_temperature,avg_vent_moyen,avg_pluie_1h
23,2009,8,18.569172932330826,5.271124872180451,0.11639097744360903
42,2009,8,20.428982300884954,2.519466615044248,0.01592920353982301
