station_id,year,month,avg_temperature,avg_vent_moyen,avg_pluie_1h
23,2008,9,12.532945091514144,8.157068103161398,0.1064891846921797
42,2008,9,15.899658703071674,11.045049624573378,0.007167235494880546
