station_id,year,month,avg_temperature,avg_vent_moyen,avg_pluie_1h
23,2013,9,14.468901569186876,5.525392296718973,0.21911554921540655
42,2013,9,16.235917721518987,4.0,0.1439873417721519
93,2013,9,19.41002865329513,4.969054441260745,0.09656160458452723
000C5,2013,9,16.392375366568917,1.848240469208211,0.009677419354838708
000K0,2013,9,18.99171974522293,4.419426751592357,0.1394904458598726
000L7,2013,9,20.12359375,6.721718749999999,0.12250000000000001
000Q2,2013,9,16.868817204301074,5.918817204301075,0.044444444444444446
