station_id,year,month,avg_temperature,avg_vent_moyen,avg_pluie_1h
23,2011,9,15.817664670658683,4.489670658682635,0.05898203592814371
42,2011,9,17.191056910569106,3.353983739837398,0.052357723577235775
93,2011,9,20.675182481751825,3.447007299270073,0.024525547445255477
000C5,2011,9,16.515198863636364,2.820028409090909,0.028693181818181816
