station_id,year,month,avg_temperature,avg_vent_moyen,avg_pluie_1h
23,2014,9,15.220795107033638,4.764831804281346,0.11559633027522935
42,2014,9,16.494691535150643,2.822525107604017,0.011190817790530846
93,2014,9,19.85091937765205,2.665770862800566,0.0644978783592645
000C5,2014,9,17.007938718662952,0.42353760445682453,0.0001392757660167131
000K0,2014,9,19.75843373493976,5.781927710843373,0.00783132530120482
000L7,2014,9,20.642375366568917,5.119648093841642,0.5680351906158357
000Q2,2014,9,18.85019920318725,5.507768924302789,0.009163346613545816
000T3,2014,9,13.472756933115823,2.6233278955954327,0.04763458401305057
000U7,2014,9,18.26969696969697,6.083766233766235,0.25627705627705627
