station_id,year,month,avg_temperature,avg_vent_moyen,avg_pluie_1h
23,2009,9,14.652173913043478,5.7818567016491755,0.08245877061469266
42,2009,9,15.72900432900433,3.748698181818182,0.01948051948051948
